{
	"version": 1,
	"changelists": [
		{
			"guid": "00000000000000000000000000000000",
			"description": "Default Uncontrolled Changelist",
			"files": [
				"D:/MarioProject/Content/Blueprints/BP_DonkeyKong.uasset",
				"D:/MarioProject/Content/Blueprints/BP_Barrel.uasset",
				"D:/MarioProject/Content/Blueprints/BP_PaperPlayer.uasset",
				"D:/MarioProject/Content/Blueprints/BP_Hammer.uasset",
				"D:/MarioProject/Content/Blueprints/NewWidgetBlueprint.uasset",
				"D:/MarioProject/Content/Assets/Audio/12__The_End.uasset",
				"D:/MarioProject/Content/Maps/DonkeyKongMap.umap",
				"E:/MarioProject/Content/Assets/Sprites/mario_Sprite_6.uasset",
				"E:/MarioProject/Content/Assets/Sprites/FB_RunRightAnimation.uasset",
				"E:/MarioProject/Content/Blueprints/BP_PaperPlayer.uasset",
				"E:/MarioProject/Content/Assets/Background/Arcade_-_Donkey_Kong_-_Tiles.uasset",
				"E:/MarioProject/Content/Assets/Background/Arcade_-_Donkey_Kong_-_Tiles_TileMap.uasset",
				"E:/MarioProject/Content/Assets/Arcade_-_Donkey_Kong_-_Tiles_TileMap.uasset",
				"E:/MarioProject/Content/Assets/Background/Arcade_-_Donkey_Kong_-_Tiles_TileSet.uasset",
				"E:/MarioProject/Content/Assets/Background/Arcade_-_Donkey_Kong_-_TilesPadded.uasset",
				"E:/MarioProject/Content/Maps/2DMap.umap",
				"E:/MarioProject/Content/Blueprints/GM_DonkeyKong.uasset",
				"E:/MarioProject/Content/Assets/Sprites/mario.uasset",
				"E:/MarioProject/Content/Assets/Sprites/mario_Sprite_32.uasset",
				"E:/MarioProject/Content/Assets/Sprites/mario_Sprite_33.uasset",
				"E:/MarioProject/Content/Assets/Sprites/mario_Sprite_34.uasset",
				"E:/MarioProject/Content/Assets/Sprites/mario_Sprite_3.uasset",
				"E:/MarioProject/Content/Assets/Sprites/mario_Sprite_4.uasset",
				"E:/MarioProject/Content/Assets/Sprites/mario_Sprite_5.uasset",
				"E:/MarioProject/Content/Assets/Sprites/mario_Sprite_7.uasset",
				"E:/MarioProject/Content/Assets/Sprites/mario_Sprite_8.uasset",
				"E:/MarioProject/Content/Assets/Sprites/mario_Sprite_35.uasset",
				"E:/MarioProject/Content/Assets/Sprites/mario_Sprite_36.uasset",
				"E:/MarioProject/Content/Assets/Sprites/mario_Sprite_37.uasset",
				"E:/MarioProject/Content/Assets/Sprites/mario_Sprite_38.uasset",
				"E:/MarioProject/Content/Assets/Sprites/mario_Sprite_39.uasset",
				"E:/MarioProject/Content/Assets/Sprites/mario_Sprite_40.uasset",
				"E:/MarioProject/Content/Assets/Sprites/mario_Sprite_41.uasset",
				"E:/MarioProject/Content/Assets/Sprites/mario_Sprite_42.uasset",
				"E:/MarioProject/Content/Assets/Sprites/mario_Sprite_43.uasset",
				"E:/MarioProject/Content/Assets/Sprites/mario_Sprite_44.uasset",
				"E:/MarioProject/Content/Assets/Sprites/mario_Sprite_45.uasset",
				"E:/MarioProject/Content/Assets/Sprites/mario_Sprite_20.uasset",
				"E:/MarioProject/Content/Assets/Sprites/mario_Sprite_21.uasset",
				"E:/MarioProject/Content/Assets/Sprites/mario_Sprite_22.uasset",
				"E:/MarioProject/Content/Assets/Sprites/mario_Sprite_23.uasset",
				"E:/MarioProject/Content/Assets/Sprites/mario_Sprite_24.uasset",
				"E:/MarioProject/Content/Assets/Sprites/mario_Sprite_25.uasset",
				"E:/MarioProject/Content/Assets/Sprites/mario_Sprite_26.uasset",
				"E:/MarioProject/Content/Assets/Sprites/mario_Sprite_27.uasset",
				"E:/MarioProject/Content/Assets/Sprites/mario_Sprite_28.uasset",
				"E:/MarioProject/Content/Assets/Sprites/mario_Sprite_29.uasset",
				"E:/MarioProject/Content/Assets/Sprites/mario_Sprite_30.uasset",
				"E:/MarioProject/Content/Assets/Sprites/mario_Sprite_31.uasset",
				"E:/MarioProject/Content/Assets/Sprites/FB_RunLeftAnimation.uasset",
				"E:/MarioProject/Content/Assets/Sprites/FB_Idle.uasset",
				"E:/MarioProject/Content/Input/IMC_DonkeyKong.uasset",
				"E:/MarioProject/Content/Input/Actions/IA_Jump.uasset",
				"E:/MarioProject/Content/Input/Actions/IA_Move.uasset",
				"E:/MarioProject/Content/Blueprints/BP_DonkeyKong.uasset",
				"E:/MarioProject/Content/Assets/Sprites/Ememies/donkeykong_enemies_sheet.uasset",
				"E:/MarioProject/Content/Assets/Sprites/Ememies/donkeykong_enemies_sheet_Sprite_0.uasset",
				"E:/MarioProject/Content/Assets/Sprites/Ememies/donkeykong_enemies_sheet_Sprite_1.uasset",
				"E:/MarioProject/Content/Assets/Sprites/Ememies/donkeykong_enemies_sheet_Sprite_2.uasset",
				"E:/MarioProject/Content/Assets/Sprites/Ememies/donkeykong_enemies_sheet_Sprite_79.uasset",
				"E:/MarioProject/Content/Assets/Sprites/Ememies/donkeykong_enemies_sheet_Sprite_78.uasset",
				"E:/MarioProject/Content/Assets/Sprites/Ememies/donkeykong_enemies_sheet_Sprite_77.uasset",
				"E:/MarioProject/Content/Assets/Sprites/Ememies/donkeykong_enemies_sheet_Sprite_76.uasset",
				"E:/MarioProject/Content/Assets/Sprites/Ememies/donkeykong_enemies_sheet_Sprite_75.uasset",
				"E:/MarioProject/Content/Assets/Sprites/Ememies/donkeykong_enemies_sheet_Sprite_74.uasset",
				"E:/MarioProject/Content/Assets/Sprites/Ememies/donkeykong_enemies_sheet_Sprite_9.uasset",
				"E:/MarioProject/Content/Assets/Sprites/Ememies/donkeykong_enemies_sheet_Sprite_73.uasset",
				"E:/MarioProject/Content/Assets/Sprites/Ememies/donkeykong_enemies_sheet_Sprite_72.uasset",
				"E:/MarioProject/Content/Assets/Sprites/Ememies/donkeykong_enemies_sheet_Sprite_12.uasset",
				"E:/MarioProject/Content/Assets/Sprites/Ememies/donkeykong_enemies_sheet_Sprite_13.uasset",
				"E:/MarioProject/Content/Assets/Sprites/Ememies/donkeykong_enemies_sheet_Sprite_14.uasset",
				"E:/MarioProject/Content/Assets/Sprites/Ememies/donkeykong_enemies_sheet_Sprite_15.uasset",
				"E:/MarioProject/Content/Assets/Sprites/Ememies/donkeykong_enemies_sheet_Sprite_16.uasset",
				"E:/MarioProject/Content/Assets/Sprites/Ememies/donkeykong_enemies_sheet_Sprite_17.uasset",
				"E:/MarioProject/Content/Assets/Sprites/Ememies/donkeykong_enemies_sheet_Sprite_18.uasset",
				"E:/MarioProject/Content/Assets/Sprites/Ememies/donkeykong_enemies_sheet_Sprite_19.uasset",
				"E:/MarioProject/Content/Assets/Sprites/Ememies/donkeykong_enemies_sheet_Sprite_20.uasset",
				"E:/MarioProject/Content/Assets/Sprites/Ememies/donkeykong_enemies_sheet_Sprite_21.uasset",
				"E:/MarioProject/Content/Assets/Sprites/Ememies/donkeykong_enemies_sheet_Sprite_71.uasset",
				"E:/MarioProject/Content/Assets/Sprites/Ememies/donkeykong_enemies_sheet_Sprite_70.uasset",
				"E:/MarioProject/Content/Assets/Sprites/Ememies/donkeykong_enemies_sheet_Sprite_69.uasset",
				"E:/MarioProject/Content/Assets/Sprites/Ememies/donkeykong_enemies_sheet_Sprite_68.uasset",
				"E:/MarioProject/Content/Assets/Sprites/Ememies/donkeykong_enemies_sheet_Sprite_67.uasset",
				"E:/MarioProject/Content/Assets/Sprites/Ememies/donkeykong_enemies_sheet_Sprite_66.uasset",
				"E:/MarioProject/Content/Assets/Sprites/Ememies/donkeykong_enemies_sheet_Sprite_65.uasset",
				"E:/MarioProject/Content/Assets/Sprites/Ememies/donkeykong_enemies_sheet_Sprite_64.uasset",
				"E:/MarioProject/Content/Assets/Sprites/Ememies/donkeykong_enemies_sheet_Sprite_63.uasset",
				"E:/MarioProject/Content/Assets/Sprites/Ememies/donkeykong_enemies_sheet_Sprite_62.uasset",
				"E:/MarioProject/Content/Assets/Sprites/Ememies/donkeykong_enemies_sheet_Sprite_61.uasset",
				"E:/MarioProject/Content/Assets/Sprites/Ememies/donkeykong_enemies_sheet_Sprite_60.uasset",
				"E:/MarioProject/Content/Assets/Sprites/Ememies/donkeykong_enemies_sheet_Sprite_59.uasset",
				"E:/MarioProject/Content/Assets/Sprites/Ememies/donkeykong_enemies_sheet_Sprite_58.uasset",
				"E:/MarioProject/Content/Assets/Sprites/Ememies/donkeykong_enemies_sheet_Sprite_36.uasset",
				"E:/MarioProject/Content/Assets/Sprites/Ememies/donkeykong_enemies_sheet_Sprite_57.uasset",
				"E:/MarioProject/Content/Assets/Sprites/Ememies/donkeykong_enemies_sheet_Sprite_56.uasset",
				"E:/MarioProject/Content/Assets/Sprites/Ememies/donkeykong_enemies_sheet_Sprite_55.uasset",
				"E:/MarioProject/Content/Assets/Sprites/Ememies/donkeykong_enemies_sheet_Sprite_53.uasset",
				"E:/MarioProject/Content/Assets/Sprites/Ememies/donkeykong_enemies_sheet_Sprite_41.uasset",
				"E:/MarioProject/Content/Assets/Sprites/Ememies/donkeykong_enemies_sheet_Sprite_42.uasset",
				"E:/MarioProject/Content/Assets/Sprites/Ememies/donkeykong_enemies_sheet_Sprite_43.uasset",
				"E:/MarioProject/Content/Assets/Sprites/Ememies/donkeykong_enemies_sheet_Sprite_44.uasset",
				"E:/MarioProject/Content/Assets/Sprites/Ememies/donkeykong_enemies_sheet_Sprite_45.uasset",
				"E:/MarioProject/Content/Assets/Sprites/Ememies/donkeykong_enemies_sheet_Sprite_46.uasset",
				"E:/MarioProject/Content/Assets/Sprites/Ememies/donkeykong_enemies_sheet_Sprite_47.uasset",
				"E:/MarioProject/Content/Assets/Sprites/Ememies/donkeykong_enemies_sheet_Sprite_48.uasset",
				"E:/MarioProject/Content/Assets/Sprites/Ememies/donkeykong_enemies_sheet_Sprite_49.uasset",
				"E:/MarioProject/Content/Assets/Sprites/Ememies/donkeykong_enemies_sheet_Sprite_50.uasset",
				"E:/MarioProject/Content/Assets/Sprites/Ememies/donkeykong_enemies_sheet_Sprite_51.uasset",
				"E:/MarioProject/Content/Assets/Sprites/Ememies/donkeykong_enemies_sheet_Sprite_52.uasset",
				"E:/MarioProject/Content/Assets/Sprites/FB_JumpAnimation.uasset",
				"E:/MarioProject/Content/Assets/Sprites/Ememies/FB_DKThump.uasset",
				"E:/MarioProject/Content/Assets/Sprites/Ememies/FB_DK_Roll.uasset",
				"E:/MarioProject/Content/Blueprints/BP_Oil.uasset",
				"E:/MarioProject/Content/Assets/Sprites/Ememies/Oil.uasset",
				"E:/MarioProject/Content/Blueprints/BP_Barrel.uasset",
				"E:/MarioProject/Content/Assets/Sprites/Ememies/BarrelRoll.uasset",
				"E:/MarioProject/Content/Blueprints/BP-Sawner.uasset",
				"E:/MarioProject/Content/Blueprints/BP_Wall.uasset",
				"E:/MarioProject/Content/Assets/Sprites/Ememies/hammersprites.uasset",
				"E:/MarioProject/Content/Blueprints/BP_Hammer.uasset",
				"E:/MarioProject/Content/Assets/Sprites/HammerFlipbook.uasset",
				"E:/MarioProject/Content/Maps/DonkeyKongMap.umap",
				"E:/MarioProject/Content/Blueprints/YouLose.uasset",
				"E:/MarioProject/Content/Assets/Audio/06__Stage_1_Bricks.uasset",
				"E:/MarioProject/Content/Assets/Audio/05__How_High_Can_You_Get___Game_Start_.uasset",
				"E:/MarioProject/Content/Assets/Audio/20__Dead.uasset",
				"E:/MarioProject/Content/Assets/Audio/06__Stage_1_Bricks_Cue.uasset",
				"E:/MarioProject/Content/Assets/Arcade_-_Donkey_Kong_-_Tiles.uasset",
				"E:/MarioProject/Content/Assets/Arcade_-_Donkey_Kong_-_Tiles_TileSet.uasset",
				"E:/MarioProject/Content/Assets/Arcade_-_Donkey_Kong_-_TilesPadded.uasset",
				"C:/Users/Nathan/Documents/Unreal Projects/MyProject5/Content/Maps/2DMap.umap",
				"C:/Users/Nathan/Documents/Unreal Projects/MyProject5/Content/Assets/Arcade_-_Donkey_Kong_-_Tiles_TileMap.uasset",
				"C:/Users/Nathan/Documents/Unreal Projects/MyProject5/Content/Assets/Arcade_-_Donkey_Kong_-_Tiles.uasset",
				"C:/Users/Nathan/Documents/Unreal Projects/MyProject5/Content/Assets/Arcade_-_Donkey_Kong_-_Tiles_TileSet.uasset",
				"C:/Users/Nathan/Documents/Unreal Projects/MyProject5/Content/Assets/Arcade_-_Donkey_Kong_-_TilesPadded.uasset"
			]
		}
	]
}